[Header],,,,,,,,,,
IEMFileVersion,5,,,,,,,,,
Experiment Name,NN practice ,,,,,,,,,
Date,10/4/2022,,,,,,,,,
Workflow,GenerateFASTQ,,,,,,,,,
Application,NovaSeq FASTQ Only,,,,,,,,,
Instrument Type,NovaSeq,,,,,,,,,
Assay,Illumina DNA Prep,,,,,,,,,
Index Adapters,IDT-Ilmn DNA-RNA UD Indexes SetB Tagmentation,,,,,,,,,
Chemistry,Amplicon,,,,,,,,,
,,,,,,,,,,
[Reads],,,,,,,,,,
151,,,,,,,,,,
151,,,,,,,,,,
,,,,,,,,,,
[Settings]
AdapterRead1,CTGTCTCTTATACACATCT
AdapterRead2,CTGTCTCTTATACACATCT
MinimumTrimmedReadLength,0
MaskShortReads,0
[Data],,,,,,,,,,
Sample_ID,Sample_Name,Sample_Plate,Sample_Well,Index_Plate_Well,I7_Index_ID,index,I5_Index_ID,index2
UDP0001,UDP0001,,A1,A01,UDP0001,GAACTGAGCG,UDP0001,CGCTCCACGA
UDP0002,UDP0002,,B1,B01,UDP0002,AGGTCAGATA,UDP0002,TATCTTGTAG
UDP0003,UDP0003,,C1,C01,UDP0003,CGTCTCATAT,UDP0003,AGCTACTATA
UDP0004,UDP0004,,D1,D01,UDP0004,ATTCCATAAG,UDP0004,CCACCAGGCA
UDP0005,UDP0005,,E1,E01,UDP0005,GACGAGATTA,UDP0005,AGGATAATGT
UDP0006,UDP0006,,F1,F01,UDP0006,AACATCGCGC,UDP0006,ACAAGTGGAC
UDP0007,UDP0007,,G1,G01,UDP0007,CTAGTGCTCT,UDP0007,TACTGTTCCA
UDP0008,UDP0008,,H1,H01,UDP0008,GATCAAGGCA,UDP0008,ATTAACAAGG
UDP0009,UDP0009,,A2,A02,UDP0009,GACTGAGTAG,UDP0009,CACTATCAAC
UDP0010,UDP0010,,B2,B02,UDP0010,AGTCAGACGA,UDP0010,TGTCGCTGGT
UDP0011,UDP0011,,C2,C02,UDP0011,CCGTATGTTC,UDP0011,ACAGTGTATG
UDP0012,UDP0012,,D2,D02,UDP0012,GAGTCATAGG,UDP0012,AGCGCCACAC
UDP0013,UDP0013,,E2,E02,UDP0013,CTTGCCATTA,UDP0013,CCTTCGTGAT
UDP0014,UDP0014,,F2,F02,UDP0014,GAAGCGGCAC,UDP0014,AGTAGAGCCG
UDP0015,UDP0015,,G2,G02,UDP0015,TCCATTGCCG,UDP0015,TCGTGCATTC
UDP0016,UDP0016,,H2,H02,UDP0016,CGGTTACGGC,UDP0016,CTATAGTCTT
UDP0017,UDP0017,,A3,A03,UDP0017,GAGAATGGTT,UDP0017,TTGCTGCCGA
UDP0018,UDP0018,,B3,B03,UDP0018,AGAGGCAACC,UDP0018,CCATCATTAG
UDP0019,UDP0019,,C3,C03,UDP0019,CCATCATTAG,UDP0019,AGAGGCAACC
UDP0020,UDP0020,,D3,D03,UDP0020,GATAGGCCGA,UDP0020,GCCATGTGCG
UDP0021,UDP0021,,E3,E03,UDP0021,ATGGTTGACT,UDP0021,AGGACAGGCC
UDP0022,UDP0022,,F3,F03,UDP0022,TATTGCGCTC,UDP0022,CCTAACACAG
UDP0023,UDP0023,,G3,G03,UDP0023,ACGCCTTGTT,UDP0023,ACGTTCCTTA
UDP0024,UDP0024,,H3,H03,UDP0024,TTCTACATAC,UDP0024,TTACAGTTAG
UDP0025,UDP0025,,A4,A04,UDP0025,AACCATAGAA,UDP0025,CCATCTCGCC
UDP0026,UDP0026,,B4,B04,UDP0026,GGTTGCGAGG,UDP0026,TTGCTCTATT
UDP0027,UDP0027,,C4,C04,UDP0027,TAAGCATCCA,UDP0027,AATGGATTGA
UDP0028,UDP0028,,D4,D04,UDP0028,ACCACGACAT,UDP0028,CCGCATACGA
UDP0029,UDP0029,,E4,E04,UDP0029,GCCGCACTCT,UDP0029,CGAGGTCGGA
UDP0030,UDP0030,,F4,F04,UDP0030,CCACCAGGCA,UDP0030,ATTCCATAAG
UDP0031,UDP0031,,G4,G04,UDP0031,GTGACACGCA,UDP0031,GTCCGTAAGC
UDP0032,UDP0032,,H4,H04,UDP0032,ACAGTGTATG,UDP0032,CCGTATGTTC
UDP0033,UDP0033,,A5,A05,UDP0033,TGATTATACG,UDP0033,TGTAATCGAC
UDP0034,UDP0034,,B5,B05,UDP0034,CAGCCGCGTA,UDP0034,CACGGCTAGT
UDP0035,UDP0035,,C5,C05,UDP0035,GGTAACTCGC,UDP0035,TCACCAACTT
UDP0036,UDP0036,,D5,D05,UDP0036,ACCGGCCGTA,UDP0036,AATATTGCCA
UDP0037,UDP0037,,E5,E05,UDP0037,TGTAATCGAC,UDP0037,CGCGGTGATC
UDP0038,UDP0038,,F5,F05,UDP0038,GTGCAGACAG,UDP0038,ACGGATGGTA
UDP0039,UDP0039,,G5,G05,UDP0039,CAATCGGCTG,UDP0039,TTCCTACAGC
UDP0040,UDP0040,,H5,H05,UDP0040,TATGTAGTCA,UDP0040,CATTAGTGCG
UDP0041,UDP0041,,A6,A06,UDP0041,ACTCGGCAAT,UDP0041,TTCAGTTGTC
UDP0042,UDP0042,,B6,B06,UDP0042,GTCTAATGGC,UDP0042,CCTGACCACT
UDP0043,UDP0043,,C6,C06,UDP0043,CCATCTCGCC,UDP0043,AACCATAGAA
UDP0044,UDP0044,,D6,D06,UDP0044,CTGCGAGCCA,UDP0044,TGGCCGGATT
UDP0045,UDP0045,,E6,E06,UDP0045,CGTTATTCTA,UDP0045,AACCTTATGG
UDP0046,UDP0046,,F6,F06,UDP0046,AGATCCATTA,UDP0046,TGGTAGAGAT
UDP0047,UDP0047,,G6,G06,UDP0047,GTCCTGGATA,UDP0047,TTCGCCACCG
UDP0048,UDP0048,,H6,H06,UDP0048,CAGTGGCACT,UDP0048,CCTATTGTTA
UDP0049,UDP0049,,A7,A07,UDP0049,AGTGTTGCAC,UDP0049,CGTGTACCAG
UDP0050,UDP0050,,B7,B07,UDP0050,GACACCATGT,UDP0050,TACACGTTGA
UDP0051,UDP0051,,C7,C07,UDP0051,CCTGTCTGTC,UDP0051,TCACAACAGT
UDP0052,UDP0052,,D7,D07,UDP0052,TGATGTAAGA,UDP0052,AAGGACGCAC
UDP0053,UDP0053,,E7,E07,UDP0053,GGAATTGTAA,UDP0053,AGGATGTGCT
UDP0054,UDP0054,,F7,F07,UDP0054,GCATAAGCTT,UDP0054,TGCGACGGAA
UDP0055,UDP0055,,G7,G07,UDP0055,CTGAGGAATA,UDP0055,AGTGGTTAAG
UDP0056,UDP0056,,H7,H07,UDP0056,AACGCACGAG,UDP0056,TATCCGAGGC
UDP0057,UDP0057,,A8,A08,UDP0057,TCTATCCTAA,UDP0057,CCAGTCGACG
UDP0058,UDP0058,,B8,B08,UDP0058,CTCGCTTCGG,UDP0058,TTGACTAGTA
UDP0059,UDP0059,,C8,C08,UDP0059,CTGTTGGTCC,UDP0059,AACGGTCTAT
UDP0060,UDP0060,,D8,D08,UDP0060,TTACCTGGAA,UDP0060,CTGGAACTGT
UDP0061,UDP0061,,E8,E08,UDP0061,TGGCTAATCA,UDP0061,CTACATGCCT
UDP0062,UDP0062,,F8,F08,UDP0062,AACACTGTTA,UDP0062,TGAGACTTGC
UDP0063,UDP0063,,G8,G08,UDP0063,ATTGCGCGGT,UDP0063,GCGGAGCCAA
UDP0064,UDP0064,,H8,H08,UDP0064,TGGCGCGAAC,UDP0064,AGTATCAGTT
UDP0065,UDP0065,,A9,A09,UDP0065,TAATGTGTCT,UDP0065,TATGCCTTAC
UDP0066,UDP0066,,B9,B09,UDP0066,ATACCAACGC,UDP0066,CGCAGCAATT
UDP0067,UDP0067,,C9,C09,UDP0067,AGGATGTGCT,UDP0067,GGAATTGTAA
UDP0068,UDP0068,,D9,D09,UDP0068,CACGGAACAA,UDP0068,GTGCTAGGTT
UDP0069,UDP0069,,E9,E09,UDP0069,TGGAGTACTT,UDP0069,TCCACACAGA
UDP0070,UDP0070,,F9,F09,UDP0070,GTATTGACGT,UDP0070,TTGGAATTCC
UDP0071,UDP0071,,G9,G09,UDP0071,CTTGTACACC,UDP0071,AAGCGCGCTT
UDP0072,UDP0072,,H9,H09,UDP0072,ACACAGGTGG,UDP0072,ACAACGCTCA
UDP0073,UDP0073,,A10,A10,UDP0073,CCTGCGGAAC,UDP0073,AGCCTATGAT
UDP0074,UDP0074,,B10,B10,UDP0074,TTCATAAGGT,UDP0074,CCTTCTAACA
UDP0075,UDP0075,,C10,C10,UDP0075,CTCTGCAGCG,UDP0075,TACATCCATC
UDP0076,UDP0076,,D10,D10,UDP0076,CTGACTCTAC,UDP0076,TGACGGCCGT
UDP0077,UDP0077,,E10,E10,UDP0077,TCTGGTATCC,UDP0077,GTAAGCAACG
UDP0078,UDP0078,,F10,F10,UDP0078,CATTAGTGCG,UDP0078,TATGTAGTCA
UDP0079,UDP0079,,G10,G10,UDP0079,ACGGTCAGGA,UDP0079,AACGAGGCCG
UDP0080,UDP0080,,H10,H10,UDP0080,GGCAAGCCAG,UDP0080,CGGATGCTTG
UDP0081,UDP0081,,A11,A11,UDP0081,TGTCGCTGGT,UDP0081,AGTCAGACGA
UDP0082,UDP0082,,B11,B11,UDP0082,ACCGTTACAA,UDP0082,TCGCTATGAG
UDP0083,UDP0083,,C11,C11,UDP0083,TATGCCTTAC,UDP0083,TAATGTGTCT
UDP0084,UDP0084,,D11,D11,UDP0084,ACAAGTGGAC,UDP0084,AACATCGCGC
UDP0085,UDP0085,,E11,E11,UDP0085,TGGTACCTAA,UDP0085,AGTACTCATG
UDP0086,UDP0086,,F11,F11,UDP0086,TTGGAATTCC,UDP0086,GTATTGACGT
UDP0087,UDP0087,,G11,G11,UDP0087,CCTCTACATG,UDP0087,AGGAGGTATC
UDP0088,UDP0088,,H11,H11,UDP0088,GGAGCGTGTA,UDP0088,ACTTACGGAT
UDP0089,UDP0089,,A12,A12,UDP0089,GTCCGTAAGC,UDP0089,AAGATACACG
UDP0090,UDP0090,,B12,B12,UDP0090,ACTTCAAGCG,UDP0090,TTCATGGTTC
UDP0091,UDP0091,,C12,C12,UDP0091,TCAGAAGGCG,UDP0091,TATGATGGCC
UDP0092,UDP0092,,D12,D12,UDP0092,GCGTTGGTAT,UDP0092,GGAAGTATGT
UDP0093,UDP0093,,E12,E12,UDP0093,ACATATCCAG,UDP0093,ATTGCACATA
UDP0094,UDP0094,,F12,F12,UDP0094,TCATAGATTG,UDP0094,CACCTTAATC
UDP0095,UDP0095,,G12,G12,UDP0095,GTATTCCACC,UDP0095,TTGTCTACAT
UDP0096,UDP0096,,H12,H12,UDP0096,CCTCCGTCCA,UDP0096,CACCGATGTG
UDP0098,UDP0098,,B1,B01,UDP0098,CACTCAATTC,UDP0098,CACAACTTAA
UDP0099,UDP0099,,C1,C01,UDP0099,TCTCACACGC,UDP0099,TCACTGTCCG
UDP0100,UDP0100,,D1,D01,UDP0100,TCAATGGAGA,UDP0100,GTTGTAGTGC
UDP0101,UDP0101,,E1,E01,UDP0101,ATATGCATGT,UDP0101,CCAGGCACCA
UDP0102,UDP0102,,F1,F01,UDP0102,ATGGCGCCTG,UDP0102,AGGCCGTGGA
UDP0103,UDP0103,,G1,G01,UDP0103,TCCGTTATGT,UDP0103,TACACTACAA
UDP0104,UDP0104,,H1,H01,UDP0104,GGTCTATTAA,UDP0104,CGTGTCGTGG
UDP0106,UDP0106,,B2,B02,UDP0106,TTCTGTAGAA,UDP0106,TATTGCGCTC
UDP0107,UDP0107,,C2,C02,UDP0107,GAACGCAATA,UDP0107,ACAGTAAGAT
UDP0108,UDP0108,,D2,D02,UDP0108,AGTACTCATG,UDP0108,ACCACGACAT
UDP0109,UDP0109,,E2,E02,UDP0109,GGTAGAATTA,UDP0109,TGATGGCTAC
UDP0110,UDP0110,,F2,F02,UDP0110,TAATTAGCGT,UDP0110,TTCTTAACCA
UDP0111,UDP0111,,G2,G02,UDP0111,ATTAACAAGG,UDP0111,ACGAACAACA
UDP0112,UDP0112,,H2,H02,UDP0112,TGATGGCTAC,UDP0112,ATGTTGTTGG
UDP0114,UDP0114,,B3,B03,UDP0114,TAGAATTGGA,UDP0114,TCAGATTAAC
UDP0115,UDP0115,,C3,C03,UDP0115,AGGCAGCTCT,UDP0115,ACGTTAGCCG
UDP0116,UDP0116,,D3,D03,UDP0116,ATCGGCGAAG,UDP0116,AATTCTTGGA
UDP0117,UDP0117,,E3,E03,UDP0117,CCGTGACCGA,UDP0117,CAACGTTCGG
UDP0118,UDP0118,,F3,F03,UDP0118,ATACTTGTTC,UDP0118,TCGGCGGTTA
UDP0119,UDP0119,,G3,G03,UDP0119,TCCGCCAATT,UDP0119,CAGCACGGAG
UDP0120,UDP0120,,H3,H03,UDP0120,AGGACAGGCC,UDP0120,AGCTGGAATG
UDP0122,UDP0122,,B4,B04,UDP0122,GATATTGTGT,UDP0122,ACCGTGTGGT
UDP0123,UDP0123,,C4,C04,UDP0123,CGTACAGGAA,UDP0123,AGAGAACCTA
UDP0124,UDP0124,,D4,D04,UDP0124,CTGCGTTACC,UDP0124,TCGAGCCATA
UDP0125,UDP0125,,E4,E04,UDP0125,AGGCCGTGGA,UDP0125,AACGCACGAG
UDP0126,UDP0126,,F4,F04,UDP0126,AGGAGGTATC,UDP0126,TGCCAACTGG
UDP0127,UDP0127,,G4,G04,UDP0127,GCTGACGTTG,UDP0127,AATGCGAACA
UDP0128,UDP0128,,H4,H04,UDP0128,CTAATAACCG,UDP0128,CGATGCGGTT
UDP0130,UDP0130,,B5,B05,UDP0130,ATAGCCAAGA,UDP0130,CAGTGGCACT
UDP0131,UDP0131,,C5,C05,UDP0131,TTCGGTGTGA,UDP0131,ATACTTGTTC
UDP0132,UDP0132,,D5,D05,UDP0132,ATGTAACGTT,UDP0132,CAGCAATCGT
UDP0133,UDP0133,,E5,E05,UDP0133,AACGAGGCCG,UDP0133,ATCCAGGTAT
UDP0134,UDP0134,,F5,F05,UDP0134,TGGTGTTATG,UDP0134,TAGAATTGGA
UDP0135,UDP0135,,G5,G05,UDP0135,TGGCCTCTGT,UDP0135,CGCTGTCTCA
UDP0136,UDP0136,,H5,H05,UDP0136,CCAGGCACCA,UDP0136,TAATTAGCGT
UDP0138,UDP0138,,B6,B06,UDP0138,GGCCAATATT,UDP0138,TATCGGACCG
UDP0139,UDP0139,,C6,C06,UDP0139,GAATACCTAT,UDP0139,ACTCTATTGT
UDP0140,UDP0140,,D6,D06,UDP0140,TACGTGAAGG,UDP0140,CTAATAACCG
UDP0141,UDP0141,,E6,E06,UDP0141,CTTATTGGCC,UDP0141,ACTTGTTATC
UDP0142,UDP0142,,F6,F06,UDP0142,ACAACTACTG,UDP0142,TGTGATAACT
UDP0143,UDP0143,,G6,G06,UDP0143,GTTGGATGAA,UDP0143,TTACCTGGAA
UDP0144,UDP0144,,H6,H06,UDP0144,AATCCAATTG,UDP0144,CCTCTACATG
UDP0146,UDP0146,,B7,B07,UDP0146,CGCAGCAATT,UDP0146,ATAGCGGAAT
UDP0147,UDP0147,,C7,C07,UDP0147,ACGTTCCTTA,UDP0147,CACAGCGGTC
UDP0148,UDP0148,,D7,D07,UDP0148,CCGCGTATAG,UDP0148,CCGGTTCCTA
UDP0149,UDP0149,,E7,E07,UDP0149,GATTCTGAAT,UDP0149,GTCCACCGCT
UDP0150,UDP0150,,F7,F07,UDP0150,TAGAGAATAC,UDP0150,CGAATCTATA
UDP0151,UDP0151,,G7,G07,UDP0151,TTGTATCAGG,UDP0151,TGGCCTCTGT
UDP0152,UDP0152,,H7,H07,UDP0152,CACAGCGGTC,UDP0152,CAATAGGAAT
UDP0154,UDP0154,,B8,B08,UDP0154,GTTCGGAGTT,UDP0154,TCAGAAGGCG
UDP0155,UDP0155,,C8,C08,UDP0155,ATAGCGGAAT,UDP0155,TACTCTGCGC
UDP0156,UDP0156,,D8,D08,UDP0156,GCAATATTCA,UDP0156,AATTGGCGCC
UDP0157,UDP0157,,E8,E08,UDP0157,CTAGATTGCG,UDP0157,CGCCATATCT
UDP0158,UDP0158,,F8,F08,UDP0158,CGATGCGGTT,UDP0158,ACCAAGCAGG
UDP0159,UDP0159,,G8,G08,UDP0159,TCCGGACTAG,UDP0159,ATTGTTCGTC
UDP0160,UDP0160,,H8,H08,UDP0160,GTGACGGAGC,UDP0160,TGGACCGCCA
UDP0161,UDP0161,,A9,A09,UDP0161,AATTCCATCT,UDP0161,GTAACTGAAG
UDP0162,UDP0162,,B9,B09,UDP0162,TTAACGGTGT,UDP0162,ACGGTCAGGA
UDP0163,UDP0163,,C9,C09,UDP0163,ACTTGTTATC,UDP0163,TCTAGGCGCG
UDP0164,UDP0164,,D9,D09,UDP0164,CGTGTACCAG,UDP0164,AACTTATCCT
UDP0165,UDP0165,,E9,E09,UDP0165,TTAACCTTCG,UDP0165,TGTCTGGCCT
UDP0166,UDP0166,,F9,F09,UDP0166,CATATGCGAT,UDP0166,CCGTTCAAGG
UDP0167,UDP0167,,G9,G09,UDP0167,AGCCTATGAT,UDP0167,GTAGGTGGTG
UDP0168,UDP0168,,H9,H09,UDP0168,TATGACAATC,UDP0168,ATACAAGCAA
UDP0169,UDP0169,,A10,A10,UDP0169,ATGTTGTTGG,UDP0169,TCATAGATTG
UDP0170,UDP0170,,B10,B10,UDP0170,GCACCACCAA,UDP0170,ATCAGTACCA
UDP0171,UDP0171,,C10,C10,UDP0171,AGGCGTTCGC,UDP0171,GTTGGATGAA
UDP0172,UDP0172,,D10,D10,UDP0172,CCTCCGGTTG,UDP0172,TGGTGTTATG
UDP0173,UDP0173,,E10,E10,UDP0173,GTCCACCGCT,UDP0173,GCTAATAGGA
UDP0174,UDP0174,,F10,F10,UDP0174,ATTGTTCGTC,UDP0174,AATCTAGAGA
UDP0175,UDP0175,,G10,G10,UDP0175,GGACCAGTGG,UDP0175,TAGGCTCGCG
UDP0176,UDP0176,,H10,H10,UDP0176,CCTTCTAACA,UDP0176,AGAGCTTATC
UDP0177,UDP0177,,A11,A11,UDP0177,CTCGAATATA,UDP0177,TCGACATCTC
UDP0178,UDP0178,,B11,B11,UDP0178,GATCGTCGCG,UDP0178,ACATATCCAG
UDP0179,UDP0179,,C11,C11,UDP0179,TATCCGAGGC,UDP0179,CTTATTGGCC
UDP0180,UDP0180,,D11,D11,UDP0180,CGCTGTCTCA,UDP0180,GGTGAGTAAT
UDP0181,UDP0181,,E11,E11,UDP0181,AATGCGAACA,UDP0181,TCCGCCAATT
UDP0182,UDP0182,,F11,F11,UDP0182,AATTCTTGGA,UDP0182,AAGTTGACAA
UDP0183,UDP0183,,G11,G11,UDP0183,TTCCTACAGC,UDP0183,AGAATTCGCC
UDP0184,UDP0184,,H11,H11,UDP0184,ATCCAGGTAT,UDP0184,GCTGACGTTG
UDP0185,14-2728-1A,,A12,A12,UDP0185,ACGGTCCAAC,UDP0185,TGATGTAAGA
UDP0186,15-3277-1A1,,B12,B12,UDP0186,GTAACTTGGT,UDP0186,AGGTATGGCG
UDP0187,16-0119-1A,,C12,C12,UDP0187,AGCGCCACAC,UDP0187,AAGACATTAG
UDP0188,17-1284-1A,,D12,D12,UDP0188,TGCTACTGCC,UDP0188,CCTCCGGTTG
UDP0189,14-3262-1,,E12,E12,UDP0189,CAACACCGCA,UDP0189,TGCTACTGCC
UDP0190,15-2645-2C,,F12,F12,UDP0190,CACCTTAATC,UDP0190,TCTATCCTAA
UDP0191,16-1966-4,,G12,G12,UDP0191,TTGAATGTTG,UDP0191,CTAGATTGCG
UDP0192,17-1871-1A1,,H12,H12,UDP0192,CCGGTAACAC,UDP0192,AGTACAACTC
UDP0193,UDP0193,,A1,A01,UDP0193,TCTCATGATA,UDP0193,TCCACGTGTT
UDP0194,UDP0194,,B1,B01,UDP0194,CGAGGCCAAG,UDP0194,CCGGTAACAC
UDP0195,UDP0195,,C1,C01,UDP0195,TTCACGAGAC,UDP0195,GTAACAATCT
UDP0196,UDP0196,,D1,D01,UDP0196,GCGTGGATGG,UDP0196,CATTGGTCAA
UDP0197,UDP0197,,E1,E01,UDP0197,TCCTGGTTGT,UDP0197,TGCCGGTCAG
UDP0198,UDP0198,,F1,F01,UDP0198,TAATTCTGCT,UDP0198,ATTGATGAGA
UDP0199,UDP0199,,G1,G01,UDP0199,CGCACGACTG,UDP0199,CTGTTGGTCC
UDP0200,UDP0200,,H1,H01,UDP0200,GAGGTTAGAC,UDP0200,GCAATACATT
UDP0201,UDP0201,,A2,A02,UDP0201,AACCGAGTTC,UDP0201,TCCAGAGATC
UDP0202,UDP0202,,B2,B02,UDP0202,TGTGATAACT,UDP0202,ATGGCGCCTG
UDP0203,UDP0203,,C2,C02,UDP0203,AGTATGCTAC,UDP0203,GGTCTATTAA
UDP0204,UDP0204,,D2,D02,UDP0204,GTAACTGAAG,UDP0204,TCGCGACTCC
UDP0205,UDP0205,,E2,E02,UDP0205,TCCTCGGACT,UDP0205,CTCTGGCGTT
UDP0206,UDP0206,,F2,F02,UDP0206,CTGGAACTGT,UDP0206,GTTAATTACG
UDP0207,UDP0207,,G2,G02,UDP0207,GAATATGCGG,UDP0207,TCAGTCTCGT
UDP0208,UDP0208,,H2,H02,UDP0208,GATCGGATAA,UDP0208,CGGCCGATAC
UDP0209,UDP0209,,A3,A03,UDP0209,GCTAGACTAT,UDP0209,ATGTCGTATT
UDP0210,UDP0210,,B3,B03,UDP0210,AGCTACTATA,UDP0210,GCCATATAAC
UDP0211,UDP0211,,C3,C03,UDP0211,CCACCGGAGT,UDP0211,CATGGCAGGC
UDP0212,UDP0212,,D3,D03,UDP0212,CTTACCGCAC,UDP0212,ATAGGTCTTA
UDP0213,UDP0213,,E3,E03,UDP0213,TTAGGATATC,UDP0213,CCATGGTATA
UDP0214,UDP0214,,F3,F03,UDP0214,TTATACGCGA,UDP0214,AACAGACGGC
UDP0215,UDP0215,,G3,G03,UDP0215,CGCTTAGAAT,UDP0215,TATCACTCTG
UDP0216,UDP0216,,H3,H03,UDP0216,CCGAAGCGCT,UDP0216,ATAGTTAGCA
UDP0217,UDP0217,,A4,A04,UDP0217,CACTATCAAC,UDP0217,CATTAACTGA
UDP0218,UDP0218,,B4,B04,UDP0218,TTGCTCTATT,UDP0218,TCAAGGTCAC
UDP0219,UDP0219,,C4,C04,UDP0219,TTACAGTTAG,UDP0219,ATATGCATGT
UDP0220,UDP0220,,D4,D04,UDP0220,CTAAGTACGC,UDP0220,TAGGTATGTT
UDP0221,UDP0221,,E4,E04,UDP0221,TAGTTCGGTA,UDP0221,CTACACATGG
UDP0222,UDP0222,,F4,F04,UDP0222,CTATTACTAC,UDP0222,GGAGAGACTC
UDP0223,UDP0223,,G4,G04,UDP0223,TAGCATAACC,UDP0223,TGCGCATAGC
UDP0224,UDP0224,,H4,H04,UDP0224,ACTCTATTGT,UDP0224,CATATGCGAT
UDP0225,UDP0225,,A5,A05,UDP0225,TAGTGGAAGC,UDP0225,TATAGGTACT
UDP0226,UDP0226,,B5,B05,UDP0226,CGCCATATCT,UDP0226,ATCTCCGGTC
UDP0227,UDP0227,,C5,C05,UDP0227,GCTTCATATT,UDP0227,AGGCTGAACG
UDP0228,UDP0228,,D5,D05,UDP0228,ACTAGCGCTA,UDP0228,GAGGAAGTAA
UDP0229,UDP0229,,E5,E05,UDP0229,GCTCTTAACT,UDP0229,GGTGGACGTG
UDP0230,UDP0230,,F5,F05,UDP0230,GTGGTATCTG,UDP0230,AGATAGTAGC
UDP0231,UDP0231,,G5,G05,UDP0231,TGACGGCCGT,UDP0231,ATGGTTGACT
UDP0232,UDP0232,,H5,H05,UDP0232,CAGTAATTAC,UDP0232,TACCGCCTCG
UDP0233,UDP0233,,A6,A06,UDP0233,TACAAGACTT,UDP0233,TGAACACCTG
UDP0234,UDP0234,,B6,B06,UDP0234,CTGTGGTGAC,UDP0234,CCTGTCTGTC
UDP0235,UDP0235,,C6,C06,UDP0235,CTCCACTAAT,UDP0235,AACAAGTACA
UDP0236,UDP0236,,D6,D06,UDP0236,ATAGTTAGCA,UDP0236,CTACTTAGAG
UDP0237,UDP0237,,E6,E06,UDP0237,ATAGGTCTTA,UDP0237,CTGTGGTGAC
UDP0238,UDP0238,,F6,F06,UDP0238,TTCTTAACCA,UDP0238,GGTATGTAGA
UDP0239,UDP0239,,G6,G06,UDP0239,AAGGAAGAGT,UDP0239,GCCTAACGTG
UDP0240,UDP0240,,H6,H06,UDP0240,GGAAGGAGAC,UDP0240,AGACTCACCA
UDP0241,UDP0241,,A7,A07,UDP0241,TGAACGCGGA,UDP0241,TCCTTCGAAG
UDP0242,UDP0242,,B7,B07,UDP0242,CCTGCAACCT,UDP0242,CTGACTCTAC
UDP0243,UDP0243,,C7,C07,UDP0243,TTCATGGTTC,UDP0243,TGACAATGTC
UDP0244,UDP0244,,D7,D07,UDP0244,ATCCTCTCAA,UDP0244,GCCTTGCGGA
UDP0245,UDP0245,,E7,E07,UDP0245,CACTAGACCA,UDP0245,ATAAGGCAGT
UDP0246,UDP0246,,F7,F07,UDP0246,ATTATCCACT,UDP0246,TACGTGCGTA
UDP0247,UDP0247,,G7,G07,UDP0247,ATGGCGTGCC,UDP0247,ACTTCAAGCG
UDP0248,UDP0248,,H7,H07,UDP0248,TCCAGAGATC,UDP0248,TGAAGTGCAG
UDP0249,UDP0249,,A8,A08,UDP0249,ATGTCCAGCA,UDP0249,TTGTCCGCTG
UDP0250,UDP0250,,B8,B08,UDP0250,CAACGTTCGG,UDP0250,ATGCGGATCC
UDP0251,UDP0251,,C8,C08,UDP0251,GCGTATTAAT,UDP0251,CAACACCGCA
UDP0252V2,UDP0252V2,,D8,D08,UDP0252V2,CCGAATCTGG,UDP0252V2,CTTGATTCAT
UDP0252,UDP0252,,D8,D08,UDP0252,GTTGTGACTA,UDP0252,TCCGTTATGT
UDP0253,UDP0253,,E8,E08,UDP0253,TCTCAATACC,UDP0253,CGCGAACGTC
UDP0254,UDP0254,,F8,F08,UDP0254,AAGCATCTTG,UDP0254,TTGTTGAATG
UDP0255,UDP0255,,G8,G08,UDP0255,TCAGTCTCGT,UDP0255,ATAATCCGTG
UDP0256,UDP0256,,H8,H08,UDP0256,TGCAAGATAA,UDP0256,CCGTCCTCAA
UDP0257,UDP0257,,A9,A09,UDP0257,GTAACAATCT,UDP0257,GTATACAGAG
UDP0258V2,UDP0258V2,,B9,B09,UDP0258V2,CCATGGTATA,UDP0258V2,CTCCGCGAGA
UDP0258,UDP0258,,B9,B09,UDP0258,CAGCGGTAGA,UDP0258,CACCTGTTGC
UDP0259,UDP0259,,C9,C09,UDP0259,TCATACCGTT,UDP0259,CTGCGTTACC
UDP0260,UDP0260,,D9,D09,UDP0260,GGCGCCATTG,UDP0260,ATTGCGCGGT
UDP0261,UDP0261,,E9,E09,UDP0261,AGCGAATTAG,UDP0261,TGTTCCGGCT
UDP0262,UDP0262,,F9,F09,UDP0262,TTAGACCATG,UDP0262,CTTCCTAGGA
UDP0263,UDP0263,,G9,G09,UDP0263,CACACAGTAT,UDP0263,TTAGGCTCAA
UDP0264,UDP0264,,H9,H09,UDP0264,TCTTGTCGGC,UDP0264,ACACAGGTGG
UDP0265,UDP0265,,A10,A10,UDP0265,TACCGCCTCG,UDP0265,GGTTGCGAGG
UDP0266,UDP0266,,B10,B10,UDP0266,CTGTTATATC,UDP0266,ACAGCTATAC
UDP0267,UDP0267,,C10,C10,UDP0267,TAACCGGCGA,UDP0267,CTAATGTAGC
UDP0268,UDP0268,,D10,D10,UDP0268,AAGAGAGTCT,UDP0268,AAGATTCGTA
UDP0269,UDP0269,,E10,E10,UDP0269,GTAGGCGAGC,UDP0269,TGCGCTCCTA
UDP0270,UDP0270,,F10,F10,UDP0270,AACTTATCCT,UDP0270,ACGCCAGTAC
UDP0271,UDP0271,,G10,G10,UDP0271,ATTATGTCTC,UDP0271,GCTCTTAACT
UDP0272,UDP0272,,H10,H10,UDP0272,TATAACAGCT,UDP0272,TTATACGCGA
UDP0273,UDP0273,,A11,A11,UDP0273,CCAATGATAC,UDP0273,CGGCACACTC
UDP0274,UDP0274,,B11,B11,UDP0274,GAGGCCTATT,UDP0274,TCCGGACTAG
UDP0275,UDP0275,,C11,C11,UDP0275,AGCTAAGCGG,UDP0275,GCGTATTAAT
UDP0276,UDP0276,,D11,D11,UDP0276,CTTCCTAGGA,UDP0276,ATACTCTAGG
UDP0277,UDP0277,,E11,E11,UDP0277,CGATCTGTGA,UDP0277,AGTCTTCCTA
UDP0278,UDP0278,,F11,F11,UDP0278,GTGGACAAGT,UDP0278,AAGGCCACGG
UDP0279,UDP0279,,G11,G11,UDP0279,AACAAGTACA,UDP0279,GGATATATCC
UDP0280,UDP0280,,H11,H11,UDP0280,AGATTAAGTG,UDP0280,CCAAGAGGTG
UDP0281,UDP0281,,A12,A12,UDP0281,TATCACTCTG,UDP0281,ATGTAACGTT
UDP0282,UDP0282,,B12,B12,UDP0282,AGAATTCGCC,UDP0282,GAGCTTGCCG
UDP0283,UDP0283,,C12,C12,UDP0283,CCTGACCACT,UDP0283,ATAGCCAAGA
UDP0284,UDP0284,,D12,D12,UDP0284,AGCTGGAATG,UDP0284,CGCATTCCGT
UDP0285,UDP0285,,E12,E12,UDP0285,TGATAACGAG,UDP0285,CCTGCGGAAC
UDP0286,UDP0286,,F12,F12,UDP0286,CATAGTAAGG,UDP0286,GTAACTTGGT
UDP0287,UDP0287,,G12,G12,UDP0287,ATTGGCTTCT,UDP0287,CTGCGAGCCA
UDP0288,UDP0288,,H12,H12,UDP0288,GTACCGATTA,UDP0288,AACGTTAGTT
UDP0289V2,UDP0289V2,,A1,A01,UDP0289V2,AGATAGTAGC,UDP0289V2,ATGGCGTGCC
UDP0289,UDP0289,,A1,A01,UDP0289,GAACAATTCC,UDP0289,TCCAACTCTA
UDP0290V2,UDP0290V2,,B1,B01,UDP0290V2,ATTAGAAGAC,UDP0290V2,TCCAGCCTGC
UDP0290,UDP0290,,B1,B01,UDP0290,TGTGGTCCGG,UDP0290,CTAGTGCTCT
UDP0291V2,UDP0291V2,,C1,C01,UDP0291V2,GCTCGCACAT,UDP0291V2,ATTAAGCCAT
UDP0291,UDP0291,,C1,C01,UDP0291,CTTCTAAGTC,UDP0291,CCTGTAGAGT
UDP0292,UDP0292,,D1,D01,UDP0292,AATATTGCCA,UDP0292,GGTGTCACCG
UDP0293,UDP0293,,E1,E01,UDP0293,TCGTGCATTC,UDP0293,ATACCAACGC
UDP0294,UDP0294,,F1,F01,UDP0294,AAGATACACG,UDP0294,TGTTAGCACA
UDP0295,UDP0295,,G1,G01,UDP0295,TGCAATGAAT,UDP0295,TTACTTCTGG
UDP0296,UDP0296,,H1,H01,UDP0296,CTATGAAGGA,UDP0296,CAGGTATAAG
UDP0297,UDP0297,,A2,A02,UDP0297,GAAGACTAGA,UDP0297,AAGTTCTAGT
UDP0298,UDP0298,,B2,B02,UDP0298,AGGAGTCGAG,UDP0298,GTAAGCCTAA
UDP0299,UDP0299,,C2,C02,UDP0299,TTCACTCACT,UDP0299,TCTCATGATA
UDP0300,UDP0300,,D2,D02,UDP0300,GGTCCGCTTC,UDP0300,CTTGTGTGAG
UDP0301V2,UDP0301V2,,E2,E02,UDP0301V2,TAGTGGCTTG,UDP0301V2,CCAAGTAACT
UDP0301,UDP0301,,E2,E02,UDP0301,CAACGAGAGC,UDP0301,CACTCAATTC
UDP0302,UDP0302,,F2,F02,UDP0302,ATTGAGGTCC,UDP0302,ATATAATCCG
UDP0303,UDP0303,,G2,G02,UDP0303,GGAGAGACTC,UDP0303,TCTGCTTCAA
UDP0304,UDP0304,,H2,H02,UDP0304,CCGCTCCGTT,UDP0304,CTTCGCCGTA
UDP0305,UDP0305,,A3,A03,UDP0305,ATACATCACA,UDP0305,TCAATGGAGA
UDP0306,UDP0306,,B3,B03,UDP0306,TAGGTATGTT,UDP0306,CTTGGTCTCG
UDP0307,UDP0307,,C3,C03,UDP0307,CACCTAGCAC,UDP0307,ATGTCCAGCA
UDP0308,UDP0308,,D3,D03,UDP0308,TTCAAGTATG,UDP0308,CGATACCATC
UDP0309,UDP0309,,E3,E03,UDP0309,TTAAGACAAG,UDP0309,CAATTAAGCC
UDP0310,UDP0310,,F3,F03,UDP0310,CACCTCTCTT,UDP0310,AGGAGTCGAG
UDP0311,UDP0311,,G3,G03,UDP0311,TTCTCGTGCA,UDP0311,CTCTGTGTAT
UDP0312,UDP0312,,H3,H03,UDP0312,GCTAGGAAGT,UDP0312,TCGTCCGAGA
UDP0313,UDP0313,,A4,A04,UDP0313,TTAATAGCAC,UDP0313,CAGACGTGGT
UDP0314,UDP0314,,B4,B04,UDP0314,CATTCACGCT,UDP0314,TGAGTACAAC
UDP0315,UDP0315,,C4,C04,UDP0315,GGCACTAAGG,UDP0315,GTTGACCTGA
UDP0316,UDP0316,,D4,D04,UDP0316,ATTCGGTACA,UDP0316,TCCTCGGACT
UDP0317,UDP0317,,E4,E04,UDP0317,ACTAATCTCC,UDP0317,AGATTAAGTG
UDP0318,UDP0318,,F4,F04,UDP0318,TGTGTTAGTA,UDP0318,TAACAGAGTA
UDP0319,UDP0319,,G4,G04,UDP0319,CAACGACCTA,UDP0319,ATCGAGTCGC
UDP0320,UDP0320,,H4,H04,UDP0320,CGGTCGGCAT,UDP0320,CCTTGCCTAG
UDP0321,UDP0321,,A5,A05,UDP0321,TCGACGCTAG,UDP0321,TTCGAAGAGG
UDP0322,UDP0322,,B5,B05,UDP0322,CTCGTAGGCA,UDP0322,AAGAGGATGA
UDP0323,UDP0323,,C5,C05,UDP0323,AAGTTCTAGT,UDP0323,TTATCTTACC
UDP0324,UDP0324,,D5,D05,UDP0324,CCAAGAGGTG,UDP0324,CTGGCTCGTT
UDP0325,UDP0325,,E5,E05,UDP0325,ATATCTGCTT,UDP0325,AGATTGTCTA
UDP0326,UDP0326,,F5,F05,UDP0326,TGGATCTGGC,UDP0326,TTCAGCATTG
UDP0327,UDP0327,,G5,G05,UDP0327,TTGAATCCAA,UDP0327,ACACCGTGAC
UDP0328,UDP0328,,H5,H05,UDP0328,CACGGCTAGT,UDP0328,CTTGTACACC
UDP0329,UDP0329,,A6,A06,UDP0329,GAGCTTGCCG,UDP0329,CCTGCAACCT
UDP0330,UDP0330,,B6,B06,UDP0330,AGCTAGCTTC,UDP0330,CTCCGTATTA
UDP0331,UDP0331,,C6,C06,UDP0331,CAATCCTTGT,UDP0331,TGCGTCTTCG
UDP0332,UDP0332,,D6,D06,UDP0332,CACCTGTTGC,UDP0332,ATGTGTCAAT
UDP0333,UDP0333,,E6,E06,UDP0333,CGTCACCTTG,UDP0333,CAATCGGCTG
UDP0334,UDP0334,,F6,F06,UDP0334,AATGACTGGT,UDP0334,ACGCGTGAGA
UDP0335,UDP0335,,G6,G06,UDP0335,ATGATTCCGG,UDP0335,CACGTCAGAG
UDP0336,UDP0336,,H6,H06,UDP0336,TTAGGCTCAA,UDP0336,TTCCATTCGA
UDP0337,UDP0337,,A7,A07,UDP0337,TGTAAGGTGG,UDP0337,CCAAGGCCTT
UDP0338,UDP0338,,B7,B07,UDP0338,CAACTGCAAC,UDP0338,GTTGCGTTCA
UDP0339,UDP0339,,C7,C07,UDP0339,ACATGAGTGA,UDP0339,AGCTAAGCGG
UDP0340,UDP0340,,D7,D07,UDP0340,GCAACCAGTC,UDP0340,TTCCTCGGTG
UDP0341,UDP0341,,E7,E07,UDP0341,GAGCGACGAT,UDP0341,TGATTATACG
UDP0342,UDP0342,,F7,F07,UDP0342,CGAACGCACC,UDP0342,GTTCTGTCAT
UDP0343,UDP0343,,G7,G07,UDP0343,TCTTACGCCG,UDP0343,TGCAATGAAT
UDP0344,UDP0344,,H7,H07,UDP0344,AGCTGATGTC,UDP0344,CAGGACATGA
UDP0345,UDP0345,,A8,A08,UDP0345,CTGAATTAGT,UDP0345,CGATCGAATT
UDP0346,UDP0346,,B8,B08,UDP0346,TAAGGAGGAA,UDP0346,AATGTCGGAA
UDP0347,UDP0347,,C8,C08,UDP0347,AGCTTACACA,UDP0347,GGTCGTGCCA
UDP0348,UDP0348,,D8,D08,UDP0348,AACCAGCCAC,UDP0348,GTGCTGTGGC
UDP0349,UDP0349,,E8,E08,UDP0349,CTTAAGTCGA,UDP0349,ACAACTACTG
UDP0350,UDP0350,,F8,F08,UDP0350,GCCTAACGTG,UDP0350,CTTGAGAGCT
UDP0351,UDP0351,,G8,G08,UDP0351,ACTTACTTCA,UDP0351,TAATTCCAGA
UDP0352,UDP0352,,H8,H08,UDP0352,CGCATTCCGT,UDP0352,CTCCACTAAT
UDP0353,UDP0353,,A9,A09,UDP0353,GATATCACAC,UDP0353,ACATATAGTC
UDP0354,UDP0354,,B9,B09,UDP0354,AGCGCTGTGT,UDP0354,GTTCCGAACG
UDP0355,UDP0355,,C9,C09,UDP0355,TCACCGCGCT,UDP0355,CTAGTATCGA
UDP0356,UDP0356,,D9,D09,UDP0356,GATAGCCTTG,UDP0356,CATTGTGGTA
UDP0357,UDP0357,,E9,E09,UDP0357,CCTGGACGCA,UDP0357,TGGTATACCA
UDP0358,UDP0358,,F9,F09,UDP0358,TTACGCACCT,UDP0358,CAACGAGAGC
UDP0359,UDP0359,,G9,G09,UDP0359,TCGTTGCTGC,UDP0359,TTCACGAGAC
UDP0360,UDP0360,,H9,H09,UDP0360,CGACAAGGAT,UDP0360,AGGTGGCCTT
UDP0361,UDP0361,,A10,A10,UDP0361,GTGTACCTTC,UDP0361,TAGCTCACAG
UDP0362,UDP0362,,B10,B10,UDP0362,ACCTGGCCAA,UDP0362,CGATCTGTGA
UDP0363,UDP0363,,C10,C10,UDP0363,TGTCTGGCCT,UDP0363,ATTGGCTTCT
UDP0364,UDP0364,,D10,D10,UDP0364,AGTTAATGCT,UDP0364,CGGCTGCAGT
UDP0365,UDP0365,,E10,E10,UDP0365,GGTGAGTAAT,UDP0365,ACTAGATGTT
UDP0366,UDP0366,,F10,F10,UDP0366,TACTCTGCGC,UDP0366,CATAGTAAGG
UDP0367,UDP0367,,G10,G10,UDP0367,AGGTATGGCG,UDP0367,GTCTCGCCAC
UDP0368,UDP0368,,H10,H10,UDP0368,TCCAGCCTGC,UDP0368,TGGATCTGGC
UDP0369,UDP0369,,A11,A11,UDP0369,GCCATATAAC,UDP0369,GATATTGTGT
UDP0370,UDP0370,,B11,B11,UDP0370,AGTGCGAGTG,UDP0370,ATTACCTCCA
UDP0371,UDP0371,,C11,C11,UDP0371,CTGAGCCGGT,UDP0371,TACGTGAAGG
UDP0372,UDP0372,,D11,D11,UDP0372,AACGGTCTAT,UDP0372,CCGCGTATAG
UDP0373,UDP0373,,E11,E11,UDP0373,GTTGCGTTCA,UDP0373,CAACTGCAAC
UDP0374,UDP0374,,F11,F11,UDP0374,CTTCAACCAC,UDP0374,AGGCGCATAA
UDP0375,UDP0375,,G11,G11,UDP0375,TCTATTCAGT,UDP0375,TGTACTGAGA
UDP0376,UDP0376,,H11,H11,UDP0376,CAAGACGTCC,UDP0376,TCCGTATACT
UDP0377,UDP0377,,A12,A12,UDP0377,TGAGTACAAC,UDP0377,GTCCAAGCGT
UDP0378,UDP0378,,B12,B12,UDP0378,CCGCGGTTCT,UDP0378,AATCTACTCC
UDP0379,UDP0379,,C12,C12,UDP0379,ATTGATACTG,UDP0379,GGAGCGTGTA
UDP0380,UDP0380,,D12,D12,UDP0380,GGATTATGGA,UDP0380,CTCTATCGGA
UDP0381,UDP0381,,E12,E12,UDP0381,TGGTTCTCAT,UDP0381,CGGCCTTGAG
UDP0382,UDP0382,,F12,F12,UDP0382,TCAACCACGA,UDP0382,TATGAACTTG
UDP0383,UDP0383,,G12,G12,UDP0383,TATGAACTTG,UDP0383,CCTAAGGATT
UDP0384,UDP0384,,H12,H12,UDP0384,AGTGGTTAAG,UDP0384,GTATTCCACC
